[{"model": "sessions.session", "pk": "byks4hb7b8vgvv830j0gkl0wtmgnd8tj", "fields": {"session_data": ".eJxVjDsOwjAQBe_iGln476Wk5wzWrj84gGwpTirE3UmkFNC-mXlvFnBdalhHnsOU2IUJdvrdCOMztx2kB7Z757G3ZZ6I7wo_6OC3nvLrerh_BxVH3WoEjx7QOq0oapnJF3BFI3qZipbmbCFCEUUKyAacBkJNyjgv1ObZzD5f5W43oQ:1wMB95:1qM9_bMAk6mb3gZTaSmJ2lBeqV0MD3-3vRSlze0pfkQ", "expire_date": "2026-05-24T20:53:03.518Z"}}, {"model": "sessions.session", "pk": "e1n6roj4q9wsgd0icbytaz67vy5aa3ju", "fields": {"session_data": ".eJxVjEEOwiAQRe_C2pApUAZcuvcMZBhAqoYmpV0Z765NutDtf-_9lwi0rTVsPS9hSuIslDj9bpH4kdsO0p3abZY8t3WZotwVedAur3PKz8vh_h1U6vVb66SVR1aIgyscCSwU7cBG6xzokcEwMpDP1gypII8evfVkAFX2CqJ4fwDDMjbu:1wQ8jT:I7YTqWujnQk-2w8k7ITioDLHNAWWBJwwkW3Tkhr9B08", "expire_date": "2026-06-04T19:06:59.330Z"}}, {"model": "sessions.session", "pk": "eau90h9p4yj2eivjwyc47p4zy5f75pz8", "fields": {"session_data": ".eJxVjEEOwiAQRe_C2hAEHDou3fcMZGBAqoYmpV0Z725JutDdz38v7y08bWvxW0uLn1hchRan3y9QfKbaAT-o3mcZ57ouU5BdkQdtcpw5vW6H-xco1ErPajYuOcesLNqzcTGCAbQAF85kh0BMWvG-NIFTijEFyGhQ7X4eUHy-0BM3VQ:1wQ8Mk:Vj8u-XieIw5ULrWt3giyegPTrvCgwkScujh7ok64sSw", "expire_date": "2026-06-04T18:43:30.501Z"}}, {"model": "sessions.session", "pk": "k8edxv4jsgljfltfld7j9vj7wxceku8b", "fields": {"session_data": ".eJxlkMFu2zAMhl-F8Dk1msRJ7N5WoIdhKLDLTsMQUBJlaVVEQ6JSGEXfffLSrOt2lPjx_z_ppTliEXcsmdLRm-auWTerv-8U6ieKy8D8xDhyqzlK8qpdkPZtmttHNhTu39gPAQ6zq9s49NgPuD90W6W7DaneDgfbIfYbY7vN7nY_6MGu7WY90G44dIPCTm13h369rdyeaqj1EaP2GI7ip9zcfX9pxEugmv4tE2THSSiBUCyJQGMiW0KY66ZiM1fq0_9MhESmaAJhwQA-1illWYEqAhzDDNox1_RKPjx-BnEoEAjPlIEil9HBqX6Iq6Aq1lJqm9fVu9d98cEsu3SiNFLUV-xd6gvRBJfQLDU_EV0iM7BdOjPgGX1AFQgUWa7egk8-joDg_OhuzhgKQWCMH8u_JhbSAjOXBDhNiSsJbEz-p_3y9t9VigI_Q3cLEyVNURaH6wN91Hz641ADw7xY1FM1ifR8Vfjx-gsLuM5u:1wNFhz:FFGW3RHVyjdxn-1heNeS0Yj1DEXqeBA0Ksr4aFucv1s", "expire_date": "2026-05-27T19:57:31.893Z"}}, {"model": "sessions.session", "pk": "lnl73orolybx42vbzambybtebo4sr6ug", "fields": {"session_data": ".eJxVkEFPGzEQhf-KteewIonDZjmWcyVEj1UVje3x7oBjr-wxNEX8945pSOHgi9-bN9-b1-4AledDLZgP5Lrbbt2tPv8ZsE8Ym-AeIU6ptylyJtM3S39WS_89OQzfzt4vATOUWaZ3G9ist9dubY3eD3vQ9maD62Hcgd7p3aDHUW_8oO1-3N4Yq40ffHP40Tq_RaMl1FOEaAnCgWkp3e3P146JA0r6fcYFTmqmab6iyJixsHJoWHnKhWXYJHcS411AyBQnhb8XjIWeUdVY0NaM7t-AhajouOQkEgaayFAgPimITompWlScGIK67EmVfUgvffe2-k90l44L5A-vTZ8hHvCZ8EXJDoulNBqPWFaSWGqWirgSrRU6YhSgGfLU5EZwWWrQJ4m3c0rvCdDihI6_YvzgjHHiGaM6pZqVlQrEzetJDBeke7neWbOQnZLSoXwskXHlqjxgfKd4QlxUZTnMH2BKUYxyALW9VgtmK9AC8evtL8R_0_I:1wQ8jP:6F3u5WFUpQ_SJU_lg7r3Ip5yi15cX0fVwfYVry4QM3E", "expire_date": "2026-06-04T19:06:55.629Z"}}, {"model": "sessions.session", "pk": "njxf3wjtm7ggh7xltw0xcc2t7qfpjsuk", "fields": {"session_data": ".eJxVjEEOwiAQRe_C2pApUAZcuvcMZBhAqoYmpV0Z765NutDtf-_9lwi0rTVsPS9hSuIslDj9bpH4kdsO0p3abZY8t3WZotwVedAur3PKz8vh_h1U6vVb66SVR1aIgyscCSwU7cBG6xzokcEwMpDP1gypII8evfVkAFX2CqJ4fwDDMjbu:1wQ8ki:nZhIkHiLi-I8BAN4VRwUlDvZMgEmtb5A4Ia6sQzG2T4", "expire_date": "2026-06-04T19:08:16.335Z"}}, {"model": "sessions.session", "pk": "nxbhr3kv1mx0pnjsqrl001nio4i40vsq", "fields": {"session_data": ".eJxlkM1u2zAQhF9lobMrWLEsRbklQA9B4WNPRWEsyZW4CU0q_DEgGH73bGIHblCeRO3szDc8VXss2e5LorhnUz1UTbX6959C_Ur-Y2Be0E-h1sHnyKr-kNTXaap3wZB7umq_GVhMVrY1aVK46Zv2_n67RVqvB2VGpYYe-_5uu-27ttlsusG0w9B06xbbtlN9I6dDNWglpiN79JrR7TPPqXr4c6oyZ0fi_lTYGUAPdKA4kdcLqDKOFGVNBbOI5BfRDJjBEaYM2UYiOEgXmyCM8HP3nACPyA6VI1A0hkiQ8ZX9BAiWJ_vjiK4QuIC-rs6rW_jvRJBsiJkiZPJFFjVGGotzyy3_8X-Nh0imaMkJGR2wlymlvBL2DMG7BbQNQdxFKYACfeE_UgLyoUz20sB9tf3O9XgMbMCU2bHGLC7z5YuDTzeuXXHynNLZYjRi-1Y4sgSwl96fyDBT5GA-gTMd5hAxsmRe4ZdQImi5cIak5dmE4u_5HXDG0OU:1wQ8MP:odhca2ZNJnp_3oBDfEDAZY-IAgkHsgyzOwXzBjEFPQM", "expire_date": "2026-06-04T18:43:09.619Z"}}, {"model": "sessions.session", "pk": "ou3pzcyj4klnuifisa98pnob3k9gd6fw", "fields": {"session_data": ".eJxVkE9v2zAMxb8K4XNqLIlTx71tPRYtigE7DUNASZTNVpYE_WkXFP3uo4OsTS8CIT4-_vjemgPWMh1qpnRg09w062Z1-adQP5NfGuYJ_RhaHXxJrNpF0p67ub0PhtyPs_aLwYR5kundBjfr7Tez1qrb93vs9PWG1v2ww27X7fpuGLqN7Tu9H7bXSnfK9nZR2EEbuyXViallj14zukPhmJub329N4eJI3O-IIpig60y-ZBDGzLlILWMqmKNIfmWCMhFknAm8PCt4_P6wAjQmUc5SeANxCl66dVaUAHUKOQPG6Fhj4eBPmhpdQEPmc1_bvK8-WR4TRTzCxON0xb6QuBcwpApYTvmC6NYRJvYj0N9IAvxCUH0mXdNivgxo9MBzTEFa5HhkxY7L8YQhoqrlpFDQwceeUIt14fUr0W2YI6b_Wh0uIX7SC9MryA4tKSw0lkjSYJ9rkrglpng6aLkU9IRppHNYH0sV2SD2egrh5ICLndAVwfjz_g_qitZ2:1wQ8kg:F67O3cNBJJOn-y33T0j-LX98s_px6G2I34LNJLtX4Wk", "expire_date": "2026-06-04T19:08:14.466Z"}}, {"model": "sessions.session", "pk": "pk56fqc85o8vvhdv6xyki714s9ki9u9h", "fields": {"session_data": ".eJxVkFFr4zAMx7-KyHMJzTVNlr3dwT2MY0dh3NM4imwrjTfXCraykRv77lPabb0ZbGT__5J-1kuxx0mG_ZQp7b0rrouqWP3_ZtA-UlwE94DxwKXlKMmbcrGU72oub9lR-PHu_VJgwDxotiVLBjdtVV9dbbdI63VnXG9M12Lbfttu26auNpumc3XXVc26xrpuTFvpatB01mjR3keM1mPYix9zcX3_UoiXQFr9F9EIju10pCgZlDH7LBprmmE3q-VPJpCBIOORIOqxgt333ytA5xLlrEF0MA4cVZ2OhhKgTZwz4DgGb1E8x5NnGgOjI3fpVxavqwvLLrGQFZh5Skty4icMwM7lC8yJV1hU-Hl7k8FQ4Geo1zBSsloSuIejDnoIM_hoWZEN9ZzoRDP7eAC9AUKkZ1Cc-BXhThLFg_42nilsIucFFKX3avjE2OH8oVlMDowPIX90WoblJt0odPr44wI9iQ_-33kaZ-rNJ7VC_H19A7ctzM4:1wQ8Iw:Og8lpautPFsqF3kt13sD_3dD1lr0JTsypmPUJgGc3M8", "expire_date": "2026-06-04T18:39:34.912Z"}}, {"model": "sessions.session", "pk": "pwdsh43jfvn6jhkjzrjrazi4vz8m1gqh", "fields": {"session_data": ".eJxVjEEOwiAQRe_C2hAEHDou3fcMZGBAqoYmpV0Z725JutDdz38v7y08bWvxW0uLn1hchRan3y9QfKbaAT-o3mcZ57ouU5BdkQdtcpw5vW6H-xco1ErPajYuOcesLNqzcTGCAbQAF85kh0BMWvG-NIFTijEFyGhQ7X4eUHy-0BM3VQ:1wQ8J0:t89E1x6mq4JYrLoKT-5WX5_LaalEbF0VxU5xh5DZtjA", "expire_date": "2026-06-04T18:39:38.775Z"}}, {"model": "sessions.session", "pk": "uojmy7jw2tyxm43np6z9w3f5eoe2sah4", "fields": {"session_data": ".eJxVjEEOwiAQRe_C2hAEHDou3fcMZGBAqoYmpV0Z725JutDdz38v7y08bWvxW0uLn1hchRan3y9QfKbaAT-o3mcZ57ouU5BdkQdtcpw5vW6H-xco1ErPajYuOcesLNqzcTGCAbQAF85kh0BMWvG-NIFTijEFyGhQ7X4eUHy-0BM3VQ:1wQ8MR:eTMQTG-4p3hUjSO4AYF-JNaranZ9tuYzWOueldNnUWw", "expire_date": "2026-06-04T18:43:11.272Z"}}, {"model": "sessions.session", "pk": "wy1z14gy531a1gzp937dzsg2npxhn6vp", "fields": {"session_data": ".eJxVjEEOwiAQRe_C2hAEHDou3fcMZGBAqoYmpV0Z725JutDdz38v7y08bWvxW0uLn1hchRan3y9QfKbaAT-o3mcZ57ouU5BdkQdtcpw5vW6H-xco1ErPajYuOcesLNqzcTGCAbQAF85kh0BMWvG-NIFTijEFyGhQ7X4eUHy-0BM3VQ:1wQ8KD:LTx4otlN2g1P2QgrNTUj1DNmFhmihr-L0YD5wGitppQ", "expire_date": "2026-06-04T18:40:53.220Z"}}, {"model": "api.user", "pk": 1, "fields": {"password": "pbkdf2_sha256$1000000$vh4GmVeLrTEWSOQZEJcceB$4deh4AzpLbtAloRred1+ib/V+mLEEWE5qL/w7cTgkkg=", "last_login": "2026-05-22T20:44:25.393Z", "is_superuser": false, "username": "customer", "first_name": "", "last_name": "", "email": "customer@smartloan.local", "is_staff": false, "is_active": true, "date_joined": "2026-05-10T20:50:54.712Z", "role": "CUSTOMER", "phone": "", "address": "", "pan_number": "", "aadhaar_number": "", "groups": [], "user_permissions": []}}, {"model": "api.user", "pk": 2, "fields": {"password": "pbkdf2_sha256$1000000$ZBhyjez2BsB3fdZhcvVUvm$7CTH2efUWvD08xDZT0ZIbiFmaWjPpjpZ2ee7rJJzcbA=", "last_login": "2026-05-22T20:43:33.806Z", "is_superuser": false, "username": "officer", "first_name": "", "last_name": "", "email": "officer@smartloan.local", "is_staff": true, "is_active": true, "date_joined": "2026-05-10T20:50:57.798Z", "role": "LOAN_OFFICER", "phone": "", "address": "", "pan_number": "", "aadhaar_number": "", "groups": [], "user_permissions": []}}, {"model": "api.user", "pk": 3, "fields": {"password": "pbkdf2_sha256$1000000$dcRf9gkOhLl77z7z39VbL2$/t8PBeI3BvjDWVzYkxodj1APrA5rZVADNzvtg8VLtiA=", "last_login": "2026-05-21T19:13:58.714Z", "is_superuser": false, "username": "adminuser", "first_name": "", "last_name": "", "email": "admin@smartloan.local", "is_staff": true, "is_active": true, "date_joined": "2026-05-10T20:51:01.122Z", "role": "LOAN_OFFICER", "phone": "", "address": "", "pan_number": "", "aadhaar_number": "", "groups": [], "user_permissions": []}}, {"model": "api.user", "pk": 4, "fields": {"password": "pbkdf2_sha256$870000$WZzbAepoqX4LJAnPqTimDS$C2QBWAryFfD4rW5TDKDPXMozFkO21AzFxVQjwiRoqK0=", "last_login": "2026-05-10T21:11:15.644Z", "is_superuser": false, "username": "Shreya_Anand", "first_name": "Shreya", "last_name": "Anand", "email": "anandshreya1803@gmail.com", "is_staff": false, "is_active": true, "date_joined": "2026-05-10T21:11:12.657Z", "role": "LOAN_OFFICER", "phone": "7488928824", "address": "", "pan_number": "", "aadhaar_number": "", "groups": [], "user_permissions": []}}, {"model": "api.user", "pk": 5, "fields": {"password": "pbkdf2_sha256$870000$gyAue6hEXPU0fg3Waqt7Ig$b1HLa3kC8jJqmHncw42EMSQn2k8g4udYPz1Bx04tSyU=", "last_login": "2026-05-10T21:12:33.225Z", "is_superuser": false, "username": "Yash_Raj", "first_name": "Yash", "last_name": "Raj", "email": "shreyaanand.1803@gmail.com", "is_staff": false, "is_active": true, "date_joined": "2026-05-10T21:12:30.254Z", "role": "CUSTOMER", "phone": "9958328616", "address": "", "pan_number": "", "aadhaar_number": "", "groups": [], "user_permissions": []}}, {"model": "api.loantype", "pk": 1, "fields": {"name": "Personal Loan", "min_amount": "50000.00", "max_amount": "2500000.00", "base_interest_rate": "11.50", "max_duration_months": 84, "description": "SmartLoan personal loan with AI-assisted eligibility checks."}}, {"model": "api.loantype", "pk": 2, "fields": {"name": "Home Loan", "min_amount": "500000.00", "max_amount": "20000000.00", "base_interest_rate": "8.75", "max_duration_months": 360, "description": "SmartLoan home loan with AI-assisted eligibility checks."}}, {"model": "api.loantype", "pk": 3, "fields": {"name": "Education Loan", "min_amount": "50000.00", "max_amount": "7500000.00", "base_interest_rate": "9.25", "max_duration_months": 180, "description": "SmartLoan education loan with AI-assisted eligibility checks."}}, {"model": "api.loantype", "pk": 4, "fields": {"name": "Business Loan", "min_amount": "100000.00", "max_amount": "10000000.00", "base_interest_rate": "13.00", "max_duration_months": 120, "description": "SmartLoan business loan with AI-assisted eligibility checks."}}, {"model": "api.loantype", "pk": 5, "fields": {"name": "Vehicle Loan", "min_amount": "50000.00", "max_amount": "3000000.00", "base_interest_rate": "9.80", "max_duration_months": 96, "description": "SmartLoan vehicle loan with AI-assisted eligibility checks."}}, {"model": "api.loanapplication", "pk": 1, "fields": {"applicant": 5, "loan_type": 2, "full_name": "Yash Raj", "email": "shreyaanand.1803@gmail.com", "phone": "9958328616", "pan_number": "DYYPA3228P", "aadhaar_number": "213539377096", "address": "Chandrahatti", "salary": "48000.00", "employment_type": "SALARIED", "existing_loans": "0.00", "cibil_score": 800, "loan_amount": "1500000.00", "loan_duration_months": 60, "purpose": "Home loan", "status": "REJECTED", "prediction_label": "Approved", "approval_probability": 79.02, "risk_score": 21, "risk_level": "Low", "rejection_reason": "Your loan application was rejected due to low eligibility score.", "officer_remarks": "Rejected from officer dashboard.", "reviewed_by": 2, "reviewed_at": "2026-05-21T18:59:46.655Z", "created_at": "2026-05-10T21:14:18.694Z", "updated_at": "2026-05-21T18:59:46.655Z"}}, {"model": "api.loanapplication", "pk": 9, "fields": {"applicant": 1, "loan_type": 3, "full_name": "Shreya Anand", "email": "anandshreya1803@gmail.com", "phone": "7488928824", "pan_number": "EHVPA9351N", "aadhaar_number": "231539377096", "address": "Muzaffarpur", "salary": "44657.00", "employment_type": "SALARIED", "existing_loans": "0.00", "cibil_score": 780, "loan_amount": "1000000.00", "loan_duration_months": 36, "purpose": "Education Loan", "status": "APPROVED", "prediction_label": "Approved", "approval_probability": 70.42, "risk_score": 30, "risk_level": "Low", "rejection_reason": "", "officer_remarks": "Loan is Sucessfully Approved.", "reviewed_by": 2, "reviewed_at": "2026-05-21T19:19:17.107Z", "created_at": "2026-05-21T19:16:50.225Z", "updated_at": "2026-05-21T19:19:17.107Z"}}, {"model": "api.document", "pk": 1, "fields": {"application": 9, "document_type": "AADHAAR", "file": "documents/2026/05/Aadhar_front_1.pdf", "status": "VERIFIED", "remarks": "", "uploaded_at": "2026-05-21T19:17:07.799Z"}}, {"model": "api.emirecord", "pk": 49, "fields": {"application": 1, "due_date": "2026-06-05", "principal_component": "20018.35", "interest_component": "10937.50", "amount_due": "30955.85", "is_paid": false}}, {"model": "api.emirecord", "pk": 50, "fields": {"application": 1, "due_date": "2026-07-05", "principal_component": "20164.32", "interest_component": "10791.53", "amount_due": "30955.85", "is_paid": false}}, {"model": "api.emirecord", "pk": 51, "fields": {"application": 1, "due_date": "2026-08-04", "principal_component": "20311.35", "interest_component": "10644.50", "amount_due": "30955.85", "is_paid": false}}, {"model": "api.emirecord", "pk": 52, "fields": {"application": 1, "due_date": "2026-09-03", "principal_component": "20459.45", "interest_component": "10496.40", "amount_due": "30955.85", "is_paid": false}}, {"model": "api.emirecord", "pk": 53, "fields": {"application": 1, "due_date": "2026-10-03", "principal_component": "20608.63", "interest_component": "10347.21", "amount_due": "30955.85", "is_paid": false}}, {"model": "api.emirecord", "pk": 54, "fields": {"application": 1, "due_date": "2026-11-02", "principal_component": "20758.91", "interest_component": "10196.94", "amount_due": "30955.85", "is_paid": false}}, {"model": "api.emirecord", "pk": 55, "fields": {"application": 1, "due_date": "2026-12-02", "principal_component": "20910.27", "interest_component": "10045.58", "amount_due": "30955.85", "is_paid": false}}, {"model": "api.emirecord", "pk": 56, "fields": {"application": 1, "due_date": "2027-01-01", "principal_component": "21062.74", "interest_component": "9893.11", "amount_due": "30955.85", "is_paid": false}}, {"model": "api.emirecord", "pk": 57, "fields": {"application": 1, "due_date": "2027-01-31", "principal_component": "21216.33", "interest_component": "9739.52", "amount_due": "30955.85", "is_paid": false}}, {"model": "api.emirecord", "pk": 58, "fields": {"application": 1, "due_date": "2027-03-02", "principal_component": "21371.03", "interest_component": "9584.82", "amount_due": "30955.85", "is_paid": false}}, {"model": "api.emirecord", "pk": 59, "fields": {"application": 1, "due_date": "2027-04-01", "principal_component": "21526.86", "interest_component": "9428.99", "amount_due": "30955.85", "is_paid": false}}, {"model": "api.emirecord", "pk": 60, "fields": {"application": 1, "due_date": "2027-05-01", "principal_component": "21683.83", "interest_component": "9272.02", "amount_due": "30955.85", "is_paid": false}}, {"model": "api.emirecord", "pk": 61, "fields": {"application": 1, "due_date": "2027-05-31", "principal_component": "21841.94", "interest_component": "9113.91", "amount_due": "30955.85", "is_paid": false}}, {"model": "api.emirecord", "pk": 62, "fields": {"application": 1, "due_date": "2027-06-30", "principal_component": "22001.20", "interest_component": "8954.65", "amount_due": "30955.85", "is_paid": false}}, {"model": "api.emirecord", "pk": 63, "fields": {"application": 1, "due_date": "2027-07-30", "principal_component": "22161.63", "interest_component": "8794.22", "amount_due": "30955.85", "is_paid": false}}, {"model": "api.emirecord", "pk": 64, "fields": {"application": 1, "due_date": "2027-08-29", "principal_component": "22323.22", "interest_component": "8632.63", "amount_due": "30955.85", "is_paid": false}}, {"model": "api.emirecord", "pk": 65, "fields": {"application": 1, "due_date": "2027-09-28", "principal_component": "22486.00", "interest_component": "8469.85", "amount_due": "30955.85", "is_paid": false}}, {"model": "api.emirecord", "pk": 66, "fields": {"application": 1, "due_date": "2027-10-28", "principal_component": "22649.96", "interest_component": "8305.89", "amount_due": "30955.85", "is_paid": false}}, {"model": "api.emirecord", "pk": 67, "fields": {"application": 1, "due_date": "2027-11-27", "principal_component": "22815.11", "interest_component": "8140.74", "amount_due": "30955.85", "is_paid": false}}, {"model": "api.emirecord", "pk": 68, "fields": {"application": 1, "due_date": "2027-12-27", "principal_component": "22981.47", "interest_component": "7974.38", "amount_due": "30955.85", "is_paid": false}}, {"model": "api.emirecord", "pk": 69, "fields": {"application": 1, "due_date": "2028-01-26", "principal_component": "23149.04", "interest_component": "7806.80", "amount_due": "30955.85", "is_paid": false}}, {"model": "api.emirecord", "pk": 70, "fields": {"application": 1, "due_date": "2028-02-25", "principal_component": "23317.84", "interest_component": "7638.01", "amount_due": "30955.85", "is_paid": false}}, {"model": "api.emirecord", "pk": 71, "fields": {"application": 1, "due_date": "2028-03-26", "principal_component": "23487.87", "interest_component": "7467.98", "amount_due": "30955.85", "is_paid": false}}, {"model": "api.emirecord", "pk": 72, "fields": {"application": 1, "due_date": "2028-04-25", "principal_component": "23659.13", "interest_component": "7296.72", "amount_due": "30955.85", "is_paid": false}}, {"model": "api.emirecord", "pk": 73, "fields": {"application": 1, "due_date": "2028-05-25", "principal_component": "23831.65", "interest_component": "7124.20", "amount_due": "30955.85", "is_paid": false}}, {"model": "api.emirecord", "pk": 74, "fields": {"application": 1, "due_date": "2028-06-24", "principal_component": "24005.42", "interest_component": "6950.43", "amount_due": "30955.85", "is_paid": false}}, {"model": "api.emirecord", "pk": 75, "fields": {"application": 1, "due_date": "2028-07-24", "principal_component": "24180.46", "interest_component": "6775.39", "amount_due": "30955.85", "is_paid": false}}, {"model": "api.emirecord", "pk": 76, "fields": {"application": 1, "due_date": "2028-08-23", "principal_component": "24356.77", "interest_component": "6599.08", "amount_due": "30955.85", "is_paid": false}}, {"model": "api.emirecord", "pk": 77, "fields": {"application": 1, "due_date": "2028-09-22", "principal_component": "24534.38", "interest_component": "6421.47", "amount_due": "30955.85", "is_paid": false}}, {"model": "api.emirecord", "pk": 78, "fields": {"application": 1, "due_date": "2028-10-22", "principal_component": "24713.27", "interest_component": "6242.58", "amount_due": "30955.85", "is_paid": false}}, {"model": "api.emirecord", "pk": 79, "fields": {"application": 1, "due_date": "2028-11-21", "principal_component": "24893.47", "interest_component": "6062.38", "amount_due": "30955.85", "is_paid": false}}, {"model": "api.emirecord", "pk": 80, "fields": {"application": 1, "due_date": "2028-12-21", "principal_component": "25074.99", "interest_component": "5880.86", "amount_due": "30955.85", "is_paid": false}}, {"model": "api.emirecord", "pk": 81, "fields": {"application": 1, "due_date": "2029-01-20", "principal_component": "25257.83", "interest_component": "5698.02", "amount_due": "30955.85", "is_paid": false}}, {"model": "api.emirecord", "pk": 82, "fields": {"application": 1, "due_date": "2029-02-19", "principal_component": "25442.00", "interest_component": "5513.85", "amount_due": "30955.85", "is_paid": false}}, {"model": "api.emirecord", "pk": 83, "fields": {"application": 1, "due_date": "2029-03-21", "principal_component": "25627.51", "interest_component": "5328.34", "amount_due": "30955.85", "is_paid": false}}, {"model": "api.emirecord", "pk": 84, "fields": {"application": 1, "due_date": "2029-04-20", "principal_component": "25814.38", "interest_component": "5141.47", "amount_due": "30955.85", "is_paid": false}}, {"model": "api.emirecord", "pk": 85, "fields": {"application": 1, "due_date": "2029-05-20", "principal_component": "26002.61", "interest_component": "4953.24", "amount_due": "30955.85", "is_paid": false}}, {"model": "api.emirecord", "pk": 86, "fields": {"application": 1, "due_date": "2029-06-19", "principal_component": "26192.21", "interest_component": "4763.64", "amount_due": "30955.85", "is_paid": false}}, {"model": "api.emirecord", "pk": 87, "fields": {"application": 1, "due_date": "2029-07-19", "principal_component": "26383.20", "interest_component": "4572.65", "amount_due": "30955.85", "is_paid": false}}, {"model": "api.emirecord", "pk": 88, "fields": {"application": 1, "due_date": "2029-08-18", "principal_component": "26575.57", "interest_component": "4380.27", "amount_due": "30955.85", "is_paid": false}}, {"model": "api.emirecord", "pk": 89, "fields": {"application": 1, "due_date": "2029-09-17", "principal_component": "26769.35", "interest_component": "4186.49", "amount_due": "30955.85", "is_paid": false}}, {"model": "api.emirecord", "pk": 90, "fields": {"application": 1, "due_date": "2029-10-17", "principal_component": "26964.55", "interest_component": "3991.30", "amount_due": "30955.85", "is_paid": false}}, {"model": "api.emirecord", "pk": 91, "fields": {"application": 1, "due_date": "2029-11-16", "principal_component": "27161.16", "interest_component": "3794.68", "amount_due": "30955.85", "is_paid": false}}, {"model": "api.emirecord", "pk": 92, "fields": {"application": 1, "due_date": "2029-12-16", "principal_component": "27359.21", "interest_component": "3596.63", "amount_due": "30955.85", "is_paid": false}}, {"model": "api.emirecord", "pk": 93, "fields": {"application": 1, "due_date": "2030-01-15", "principal_component": "27558.71", "interest_component": "3397.14", "amount_due": "30955.85", "is_paid": false}}, {"model": "api.emirecord", "pk": 94, "fields": {"application": 1, "due_date": "2030-02-14", "principal_component": "27759.66", "interest_component": "3196.19", "amount_due": "30955.85", "is_paid": false}}, {"model": "api.emirecord", "pk": 95, "fields": {"application": 1, "due_date": "2030-03-16", "principal_component": "27962.07", "interest_component": "2993.78", "amount_due": "30955.85", "is_paid": false}}, {"model": "api.emirecord", "pk": 96, "fields": {"application": 1, "due_date": "2030-04-15", "principal_component": "28165.96", "interest_component": "2789.89", "amount_due": "30955.85", "is_paid": false}}, {"model": "api.emirecord", "pk": 97, "fields": {"application": 1, "due_date": "2030-05-15", "principal_component": "28371.34", "interest_component": "2584.51", "amount_due": "30955.85", "is_paid": false}}, {"model": "api.emirecord", "pk": 98, "fields": {"application": 1, "due_date": "2030-06-14", "principal_component": "28578.21", "interest_component": "2377.64", "amount_due": "30955.85", "is_paid": false}}, {"model": "api.emirecord", "pk": 99, "fields": {"application": 1, "due_date": "2030-07-14", "principal_component": "28786.60", "interest_component": "2169.25", "amount_due": "30955.85", "is_paid": false}}, {"model": "api.emirecord", "pk": 100, "fields": {"application": 1, "due_date": "2030-08-13", "principal_component": "28996.50", "interest_component": "1959.35", "amount_due": "30955.85", "is_paid": false}}, {"model": "api.emirecord", "pk": 101, "fields": {"application": 1, "due_date": "2030-09-12", "principal_component": "29207.93", "interest_component": "1747.92", "amount_due": "30955.85", "is_paid": false}}, {"model": "api.emirecord", "pk": 102, "fields": {"application": 1, "due_date": "2030-10-12", "principal_component": "29420.91", "interest_component": "1534.94", "amount_due": "30955.85", "is_paid": false}}, {"model": "api.emirecord", "pk": 103, "fields": {"application": 1, "due_date": "2030-11-11", "principal_component": "29635.43", "interest_component": "1320.42", "amount_due": "30955.85", "is_paid": false}}, {"model": "api.emirecord", "pk": 104, "fields": {"application": 1, "due_date": "2030-12-11", "principal_component": "29851.52", "interest_component": "1104.32", "amount_due": "30955.85", "is_paid": false}}, {"model": "api.emirecord", "pk": 105, "fields": {"application": 1, "due_date": "2031-01-10", "principal_component": "30069.19", "interest_component": "886.66", "amount_due": "30955.85", "is_paid": false}}, {"model": "api.emirecord", "pk": 106, "fields": {"application": 1, "due_date": "2031-02-09", "principal_component": "30288.45", "interest_component": "667.40", "amount_due": "30955.85", "is_paid": false}}, {"model": "api.emirecord", "pk": 107, "fields": {"application": 1, "due_date": "2031-03-11", "principal_component": "30509.30", "interest_component": "446.55", "amount_due": "30955.85", "is_paid": false}}, {"model": "api.emirecord", "pk": 108, "fields": {"application": 1, "due_date": "2031-04-10", "principal_component": "30731.76", "interest_component": "224.09", "amount_due": "30955.85", "is_paid": false}}, {"model": "api.emirecord", "pk": 157, "fields": {"application": 9, "due_date": "2026-06-05", "principal_component": "24207.88", "interest_component": "7708.33", "amount_due": "31916.21", "is_paid": false}}, {"model": "api.emirecord", "pk": 158, "fields": {"application": 9, "due_date": "2026-07-05", "principal_component": "24394.48", "interest_component": "7521.73", "amount_due": "31916.21", "is_paid": false}}, {"model": "api.emirecord", "pk": 159, "fields": {"application": 9, "due_date": "2026-08-04", "principal_component": "24582.52", "interest_component": "7333.69", "amount_due": "31916.21", "is_paid": false}}, {"model": "api.emirecord", "pk": 160, "fields": {"application": 9, "due_date": "2026-09-03", "principal_component": "24772.01", "interest_component": "7144.20", "amount_due": "31916.21", "is_paid": false}}, {"model": "api.emirecord", "pk": 161, "fields": {"application": 9, "due_date": "2026-10-03", "principal_component": "24962.96", "interest_component": "6953.25", "amount_due": "31916.21", "is_paid": false}}, {"model": "api.emirecord", "pk": 162, "fields": {"application": 9, "due_date": "2026-11-02", "principal_component": "25155.39", "interest_component": "6760.83", "amount_due": "31916.21", "is_paid": false}}, {"model": "api.emirecord", "pk": 163, "fields": {"application": 9, "due_date": "2026-12-02", "principal_component": "25349.29", "interest_component": "6566.92", "amount_due": "31916.21", "is_paid": false}}, {"model": "api.emirecord", "pk": 164, "fields": {"application": 9, "due_date": "2027-01-01", "principal_component": "25544.69", "interest_component": "6371.52", "amount_due": "31916.21", "is_paid": false}}, {"model": "api.emirecord", "pk": 165, "fields": {"application": 9, "due_date": "2027-01-31", "principal_component": "25741.60", "interest_component": "6174.61", "amount_due": "31916.21", "is_paid": false}}, {"model": "api.emirecord", "pk": 166, "fields": {"application": 9, "due_date": "2027-03-02", "principal_component": "25940.03", "interest_component": "5976.19", "amount_due": "31916.21", "is_paid": false}}, {"model": "api.emirecord", "pk": 167, "fields": {"application": 9, "due_date": "2027-04-01", "principal_component": "26139.98", "interest_component": "5776.23", "amount_due": "31916.21", "is_paid": false}}, {"model": "api.emirecord", "pk": 168, "fields": {"application": 9, "due_date": "2027-05-01", "principal_component": "26341.48", "interest_component": "5574.74", "amount_due": "31916.21", "is_paid": false}}, {"model": "api.emirecord", "pk": 169, "fields": {"application": 9, "due_date": "2027-05-31", "principal_component": "26544.53", "interest_component": "5371.69", "amount_due": "31916.21", "is_paid": false}}, {"model": "api.emirecord", "pk": 170, "fields": {"application": 9, "due_date": "2027-06-30", "principal_component": "26749.14", "interest_component": "5167.07", "amount_due": "31916.21", "is_paid": false}}, {"model": "api.emirecord", "pk": 171, "fields": {"application": 9, "due_date": "2027-07-30", "principal_component": "26955.33", "interest_component": "4960.88", "amount_due": "31916.21", "is_paid": false}}, {"model": "api.emirecord", "pk": 172, "fields": {"application": 9, "due_date": "2027-08-29", "principal_component": "27163.11", "interest_component": "4753.10", "amount_due": "31916.21", "is_paid": false}}, {"model": "api.emirecord", "pk": 173, "fields": {"application": 9, "due_date": "2027-09-28", "principal_component": "27372.49", "interest_component": "4543.72", "amount_due": "31916.21", "is_paid": false}}, {"model": "api.emirecord", "pk": 174, "fields": {"application": 9, "due_date": "2027-10-28", "principal_component": "27583.49", "interest_component": "4332.72", "amount_due": "31916.21", "is_paid": false}}, {"model": "api.emirecord", "pk": 175, "fields": {"application": 9, "due_date": "2027-11-27", "principal_component": "27796.11", "interest_component": "4120.10", "amount_due": "31916.21", "is_paid": false}}, {"model": "api.emirecord", "pk": 176, "fields": {"application": 9, "due_date": "2027-12-27", "principal_component": "28010.37", "interest_component": "3905.84", "amount_due": "31916.21", "is_paid": false}}, {"model": "api.emirecord", "pk": 177, "fields": {"application": 9, "due_date": "2028-01-26", "principal_component": "28226.29", "interest_component": "3689.93", "amount_due": "31916.21", "is_paid": false}}, {"model": "api.emirecord", "pk": 178, "fields": {"application": 9, "due_date": "2028-02-25", "principal_component": "28443.87", "interest_component": "3472.35", "amount_due": "31916.21", "is_paid": false}}, {"model": "api.emirecord", "pk": 179, "fields": {"application": 9, "due_date": "2028-03-26", "principal_component": "28663.12", "interest_component": "3253.09", "amount_due": "31916.21", "is_paid": false}}, {"model": "api.emirecord", "pk": 180, "fields": {"application": 9, "due_date": "2028-04-25", "principal_component": "28884.06", "interest_component": "3032.15", "amount_due": "31916.21", "is_paid": false}}, {"model": "api.emirecord", "pk": 181, "fields": {"application": 9, "due_date": "2028-05-25", "principal_component": "29106.71", "interest_component": "2809.50", "amount_due": "31916.21", "is_paid": false}}, {"model": "api.emirecord", "pk": 182, "fields": {"application": 9, "due_date": "2028-06-24", "principal_component": "29331.08", "interest_component": "2585.14", "amount_due": "31916.21", "is_paid": false}}, {"model": "api.emirecord", "pk": 183, "fields": {"application": 9, "due_date": "2028-07-24", "principal_component": "29557.17", "interest_component": "2359.04", "amount_due": "31916.21", "is_paid": false}}, {"model": "api.emirecord", "pk": 184, "fields": {"application": 9, "due_date": "2028-08-23", "principal_component": "29785.01", "interest_component": "2131.21", "amount_due": "31916.21", "is_paid": false}}, {"model": "api.emirecord", "pk": 185, "fields": {"application": 9, "due_date": "2028-09-22", "principal_component": "30014.60", "interest_component": "1901.61", "amount_due": "31916.21", "is_paid": false}}, {"model": "api.emirecord", "pk": 186, "fields": {"application": 9, "due_date": "2028-10-22", "principal_component": "30245.96", "interest_component": "1670.25", "amount_due": "31916.21", "is_paid": false}}, {"model": "api.emirecord", "pk": 187, "fields": {"application": 9, "due_date": "2028-11-21", "principal_component": "30479.11", "interest_component": "1437.10", "amount_due": "31916.21", "is_paid": false}}, {"model": "api.emirecord", "pk": 188, "fields": {"application": 9, "due_date": "2028-12-21", "principal_component": "30714.05", "interest_component": "1202.16", "amount_due": "31916.21", "is_paid": false}}, {"model": "api.emirecord", "pk": 189, "fields": {"application": 9, "due_date": "2029-01-20", "principal_component": "30950.81", "interest_component": "965.41", "amount_due": "31916.21", "is_paid": false}}, {"model": "api.emirecord", "pk": 190, "fields": {"application": 9, "due_date": "2029-02-19", "principal_component": "31189.39", "interest_component": "726.83", "amount_due": "31916.21", "is_paid": false}}, {"model": "api.emirecord", "pk": 191, "fields": {"application": 9, "due_date": "2029-03-21", "principal_component": "31429.80", "interest_component": "486.41", "amount_due": "31916.21", "is_paid": false}}, {"model": "api.emirecord", "pk": 192, "fields": {"application": 9, "due_date": "2029-04-20", "principal_component": "31672.07", "interest_component": "244.14", "amount_due": "31916.21", "is_paid": false}}, {"model": "api.creditscore", "pk": 1, "fields": {"user": 1, "score": 760, "source": "Demo", "checked_at": "2026-05-10T20:50:57.790Z"}}, {"model": "api.creditscore", "pk": 2, "fields": {"user": 2, "score": 760, "source": "Demo", "checked_at": "2026-05-10T20:51:01.114Z"}}, {"model": "api.creditscore", "pk": 3, "fields": {"user": 3, "score": 760, "source": "Demo", "checked_at": "2026-05-10T20:51:03.906Z"}}, {"model": "api.creditscore", "pk": 4, "fields": {"user": 5, "score": 800, "source": "Loan application", "checked_at": "2026-05-10T21:14:19.610Z"}}, {"model": "api.creditscore", "pk": 5, "fields": {"user": 1, "score": 785, "source": "Loan application", "checked_at": "2026-05-21T19:06:55.117Z"}}, {"model": "api.creditscore", "pk": 6, "fields": {"user": 1, "score": 785, "source": "Loan application", "checked_at": "2026-05-21T19:08:14.161Z"}}, {"model": "api.creditscore", "pk": 7, "fields": {"user": 1, "score": 780, "source": "Loan application", "checked_at": "2026-05-21T19:16:50.235Z"}}, {"model": "api.notification", "pk": 1, "fields": {"user": 5, "title": "Application submitted", "message": "Your Home Loan application is under review.", "channel": "EMAIL", "is_read": false, "created_at": "2026-05-10T21:14:19.621Z"}}, {"model": "api.notification", "pk": 6, "fields": {"user": 5, "title": "Loan application rejected", "message": "Missing Document", "channel": "EMAIL", "is_read": false, "created_at": "2026-05-21T18:59:15.766Z"}}, {"model": "api.notification", "pk": 8, "fields": {"user": 5, "title": "Loan application rejected", "message": "Your loan application was rejected due to low eligibility score.", "channel": "EMAIL", "is_read": false, "created_at": "2026-05-21T18:59:46.673Z"}}, {"model": "api.notification", "pk": 13, "fields": {"user": 1, "title": "Application submitted", "message": "Your Education Loan application is under review.", "channel": "EMAIL", "is_read": false, "created_at": "2026-05-21T19:16:50.245Z"}}, {"model": "api.notification", "pk": 14, "fields": {"user": 1, "title": "Loan application approved", "message": "Your loan application has been approved.", "channel": "EMAIL", "is_read": false, "created_at": "2026-05-21T19:19:17.192Z"}}]
